region,source,scenario,year,value,unit,dataset
BRITISH COLUMBIA,BIOMASS / GEOTHERMAL,CURRENT MEASURES,2005,10.308265200000001,PJ,2023
BRITISH COLUMBIA,COAL & COKE,CURRENT MEASURES,2005,0,PJ,2023
BRITISH COLUMBIA,HYDRO / WAVE / TIDAL,CURRENT MEASURES,2005,217.1772,PJ,2023
BRITISH COLUMBIA,NATURAL GAS,CURRENT MEASURES,2005,8.5785012,PJ,2023
BRITISH COLUMBIA,OIL,CURRENT MEASURES,2005,0.32780159999999997,PJ,2023
BRITISH COLUMBIA,SOLAR,CURRENT MEASURES,2005,0,PJ,2023
BRITISH COLUMBIA,NUCLEAR,CURRENT MEASURES,2005,0,PJ,2023
BRITISH COLUMBIA,WIND,CURRENT MEASURES,2005,0,PJ,2023
BRITISH COLUMBIA,BIOMASS / GEOTHERMAL,CURRENT MEASURES,2006,10.6153344,PJ,2023
BRITISH COLUMBIA,COAL & COKE,CURRENT MEASURES,2006,0,PJ,2023
BRITISH COLUMBIA,HYDRO / WAVE / TIDAL,CURRENT MEASURES,2006,194.050476,PJ,2023
BRITISH COLUMBIA,NATURAL GAS,CURRENT MEASURES,2006,8.5990356,PJ,2023
BRITISH COLUMBIA,OIL,CURRENT MEASURES,2006,0.1280016,PJ,2023
BRITISH COLUMBIA,SOLAR,CURRENT MEASURES,2006,0,PJ,2023
BRITISH COLUMBIA,NUCLEAR,CURRENT MEASURES,2006,0,PJ,2023
BRITISH COLUMBIA,WIND,CURRENT MEASURES,2006,0,PJ,2023
BRITISH COLUMBIA,BIOMASS / GEOTHERMAL,CURRENT MEASURES,2007,10.6153344,PJ,2023
BRITISH COLUMBIA,COAL & COKE,CURRENT MEASURES,2007,0,PJ,2023
BRITISH COLUMBIA,HYDRO / WAVE / TIDAL,CURRENT MEASURES,2007,230.45688,PJ,2023
BRITISH COLUMBIA,NATURAL GAS,CURRENT MEASURES,2007,8.599032,PJ,2023
BRITISH COLUMBIA,OIL,CURRENT MEASURES,2007,0.3296016,PJ,2023
BRITISH COLUMBIA,SOLAR,CURRENT MEASURES,2007,0,PJ,2023
BRITISH COLUMBIA,NUCLEAR,CURRENT MEASURES,2007,0,PJ,2023
BRITISH COLUMBIA,WIND,CURRENT MEASURES,2007,0,PJ,2023
BRITISH COLUMBIA,BIOMASS / GEOTHERMAL,CURRENT MEASURES,2008,8.8825788,PJ,2023
BRITISH COLUMBIA,COAL & COKE,CURRENT MEASURES,2008,0,PJ,2023
BRITISH COLUMBIA,HYDRO / WAVE / TIDAL,CURRENT MEASURES,2008,210.69226799999998,PJ,2023
BRITISH COLUMBIA,NATURAL GAS,CURRENT MEASURES,2008,9.48645,PJ,2023
BRITISH COLUMBIA,OIL,CURRENT MEASURES,2008,0.3404448,PJ,2023
BRITISH COLUMBIA,SOLAR,CURRENT MEASURES,2008,0,PJ,2023
BRITISH COLUMBIA,NUCLEAR,CURRENT MEASURES,2008,0,PJ,2023
BRITISH COLUMBIA,WIND,CURRENT MEASURES,2008,0,PJ,2023
BRITISH COLUMBIA,BIOMASS / GEOTHERMAL,CURRENT MEASURES,2009,7.7862132,PJ,2023
BRITISH COLUMBIA,COAL & COKE,CURRENT MEASURES,2009,0,PJ,2023
BRITISH COLUMBIA,HYDRO / WAVE / TIDAL,CURRENT MEASURES,2009,202.67424,PJ,2023
BRITISH COLUMBIA,NATURAL GAS,CURRENT MEASURES,2009,5.8884984,PJ,2023
BRITISH COLUMBIA,OIL,CURRENT MEASURES,2009,0.40000319999999995,PJ,2023
BRITISH COLUMBIA,SOLAR,CURRENT MEASURES,2009,0,PJ,2023
BRITISH COLUMBIA,NUCLEAR,CURRENT MEASURES,2009,0,PJ,2023
BRITISH COLUMBIA,WIND,CURRENT MEASURES,2009,0.1224,PJ,2023
BRITISH COLUMBIA,BIOMASS / GEOTHERMAL,CURRENT MEASURES,2010,13.718646,PJ,2023
BRITISH COLUMBIA,COAL & COKE,CURRENT MEASURES,2010,0,PJ,2023
BRITISH COLUMBIA,HYDRO / WAVE / TIDAL,CURRENT MEASURES,2010,194.295168,PJ,2023
BRITISH COLUMBIA,NATURAL GAS,CURRENT MEASURES,2010,7.520407199999999,PJ,2023
BRITISH COLUMBIA,OIL,CURRENT MEASURES,2010,0.3855744,PJ,2023
BRITISH COLUMBIA,SOLAR,CURRENT MEASURES,2010,0,PJ,2023
BRITISH COLUMBIA,NUCLEAR,CURRENT MEASURES,2010,0,PJ,2023
BRITISH COLUMBIA,WIND,CURRENT MEASURES,2010,0.44279999999999997,PJ,2023
BRITISH COLUMBIA,BIOMASS / GEOTHERMAL,CURRENT MEASURES,2011,14.799596399999999,PJ,2023
BRITISH COLUMBIA,COAL & COKE,CURRENT MEASURES,2011,0,PJ,2023
BRITISH COLUMBIA,HYDRO / WAVE / TIDAL,CURRENT MEASURES,2011,218.779452,PJ,2023
BRITISH COLUMBIA,NATURAL GAS,CURRENT MEASURES,2011,11.5735032,PJ,2023
BRITISH COLUMBIA,OIL,CURRENT MEASURES,2011,0.3301632,PJ,2023
BRITISH COLUMBIA,SOLAR,CURRENT MEASURES,2011,0,PJ,2023
BRITISH COLUMBIA,NUCLEAR,CURRENT MEASURES,2011,0,PJ,2023
BRITISH COLUMBIA,WIND,CURRENT MEASURES,2011,1.7445671999999999,PJ,2023
BRITISH COLUMBIA,BIOMASS / GEOTHERMAL,CURRENT MEASURES,2012,14.5227276,PJ,2023
BRITISH COLUMBIA,COAL & COKE,CURRENT MEASURES,2012,0,PJ,2023
BRITISH COLUMBIA,HYDRO / WAVE / TIDAL,CURRENT MEASURES,2012,232.117344,PJ,2023
BRITISH COLUMBIA,NATURAL GAS,CURRENT MEASURES,2012,9.2085192,PJ,2023
BRITISH COLUMBIA,OIL,CURRENT MEASURES,2012,0.16626239999999998,PJ,2023
BRITISH COLUMBIA,SOLAR,CURRENT MEASURES,2012,0,PJ,2023
BRITISH COLUMBIA,NUCLEAR,CURRENT MEASURES,2012,0,PJ,2023
BRITISH COLUMBIA,WIND,CURRENT MEASURES,2012,1.8287316,PJ,2023
BRITISH COLUMBIA,BIOMASS / GEOTHERMAL,CURRENT MEASURES,2013,13.758843599999999,PJ,2023
BRITISH COLUMBIA,COAL & COKE,CURRENT MEASURES,2013,0,PJ,2023
BRITISH COLUMBIA,HYDRO / WAVE / TIDAL,CURRENT MEASURES,2013,211.19857199999998,PJ,2023
BRITISH COLUMBIA,NATURAL GAS,CURRENT MEASURES,2013,5.4720936,PJ,2023
BRITISH COLUMBIA,OIL,CURRENT MEASURES,2013,1.04151096,PJ,2023
BRITISH COLUMBIA,SOLAR,CURRENT MEASURES,2013,0,PJ,2023
BRITISH COLUMBIA,NUCLEAR,CURRENT MEASURES,2013,0,PJ,2023
BRITISH COLUMBIA,WIND,CURRENT MEASURES,2013,3.096,PJ,2023
BRITISH COLUMBIA,BIOMASS / GEOTHERMAL,CURRENT MEASURES,2014,21.0818664,PJ,2023
BRITISH COLUMBIA,COAL & COKE,CURRENT MEASURES,2014,0,PJ,2023
BRITISH COLUMBIA,HYDRO / WAVE / TIDAL,CURRENT MEASURES,2014,207.26233200000001,PJ,2023
BRITISH COLUMBIA,NATURAL GAS,CURRENT MEASURES,2014,6.0811307999999995,PJ,2023
BRITISH COLUMBIA,OIL,CURRENT MEASURES,2014,2.005056,PJ,2023
BRITISH COLUMBIA,SOLAR,CURRENT MEASURES,2014,0,PJ,2023
BRITISH COLUMBIA,NUCLEAR,CURRENT MEASURES,2014,0,PJ,2023
BRITISH COLUMBIA,WIND,CURRENT MEASURES,2014,3.8561003999999994,PJ,2023
BRITISH COLUMBIA,BIOMASS / GEOTHERMAL,CURRENT MEASURES,2015,13.1710356,PJ,2023
BRITISH COLUMBIA,COAL & COKE,CURRENT MEASURES,2015,0,PJ,2023
BRITISH COLUMBIA,HYDRO / WAVE / TIDAL,CURRENT MEASURES,2015,233.996436,PJ,2023
BRITISH COLUMBIA,NATURAL GAS,CURRENT MEASURES,2015,6.3650736,PJ,2023
BRITISH COLUMBIA,OIL,CURRENT MEASURES,2015,0.46915451999999996,PJ,2023
BRITISH COLUMBIA,SOLAR,CURRENT MEASURES,2015,0,PJ,2023
BRITISH COLUMBIA,NUCLEAR,CURRENT MEASURES,2015,0,PJ,2023
BRITISH COLUMBIA,WIND,CURRENT MEASURES,2015,3.1248,PJ,2023
BRITISH COLUMBIA,BIOMASS / GEOTHERMAL,CURRENT MEASURES,2016,16.151090399999998,PJ,2023
BRITISH COLUMBIA,COAL & COKE,CURRENT MEASURES,2016,0,PJ,2023
BRITISH COLUMBIA,HYDRO / WAVE / TIDAL,CURRENT MEASURES,2016,222.624,PJ,2023
BRITISH COLUMBIA,NATURAL GAS,CURRENT MEASURES,2016,6.73938,PJ,2023
BRITISH COLUMBIA,OIL,CURRENT MEASURES,2016,0.67665276,PJ,2023
BRITISH COLUMBIA,SOLAR,CURRENT MEASURES,2016,0,PJ,2023
BRITISH COLUMBIA,NUCLEAR,CURRENT MEASURES,2016,0,PJ,2023
BRITISH COLUMBIA,WIND,CURRENT MEASURES,2016,4.4028,PJ,2023
BRITISH COLUMBIA,BIOMASS / GEOTHERMAL,CURRENT MEASURES,2017,6.689026800000001,PJ,2023
BRITISH COLUMBIA,COAL & COKE,CURRENT MEASURES,2017,0,PJ,2023
BRITISH COLUMBIA,HYDRO / WAVE / TIDAL,CURRENT MEASURES,2017,239.410872,PJ,2023
BRITISH COLUMBIA,NATURAL GAS,CURRENT MEASURES,2017,13.5410904,PJ,2023
BRITISH COLUMBIA,OIL,CURRENT MEASURES,2017,1.2083241599999999,PJ,2023
BRITISH COLUMBIA,SOLAR,CURRENT MEASURES,2017,0,PJ,2023
BRITISH COLUMBIA,NUCLEAR,CURRENT MEASURES,2017,0,PJ,2023
BRITISH COLUMBIA,WIND,CURRENT MEASURES,2017,5.8716,PJ,2023
BRITISH COLUMBIA,BIOMASS / GEOTHERMAL,CURRENT MEASURES,2018,11.950398,PJ,2023
BRITISH COLUMBIA,COAL & COKE,CURRENT MEASURES,2018,0,PJ,2023
BRITISH COLUMBIA,HYDRO / WAVE / TIDAL,CURRENT MEASURES,2018,222.4476,PJ,2023
BRITISH COLUMBIA,NATURAL GAS,CURRENT MEASURES,2018,7.640153999999999,PJ,2023
BRITISH COLUMBIA,OIL,CURRENT MEASURES,2018,0.9964188,PJ,2023
BRITISH COLUMBIA,SOLAR,CURRENT MEASURES,2018,0.0072,PJ,2023
BRITISH COLUMBIA,NUCLEAR,CURRENT MEASURES,2018,0,PJ,2023
BRITISH COLUMBIA,WIND,CURRENT MEASURES,2018,6.2063999999999995,PJ,2023
BRITISH COLUMBIA,BIOMASS / GEOTHERMAL,CURRENT MEASURES,2019,11.7905436,PJ,2023
BRITISH COLUMBIA,COAL & COKE,CURRENT MEASURES,2019,0,PJ,2023
BRITISH COLUMBIA,HYDRO / WAVE / TIDAL,CURRENT MEASURES,2019,201.98876399999997,PJ,2023
BRITISH COLUMBIA,NATURAL GAS,CURRENT MEASURES,2019,10.6149456,PJ,2023
BRITISH COLUMBIA,OIL,CURRENT MEASURES,2019,1.1054772,PJ,2023
BRITISH COLUMBIA,SOLAR,CURRENT MEASURES,2019,0.0072,PJ,2023
BRITISH COLUMBIA,NUCLEAR,CURRENT MEASURES,2019,0,PJ,2023
BRITISH COLUMBIA,WIND,CURRENT MEASURES,2019,6.0948,PJ,2023
BRITISH COLUMBIA,BIOMASS / GEOTHERMAL,CURRENT MEASURES,2020,14.166731138508,PJ,2023
BRITISH COLUMBIA,HYDRO / WAVE / TIDAL,CURRENT MEASURES,2020,229.72922661599998,PJ,2023
BRITISH COLUMBIA,NATURAL GAS,CURRENT MEASURES,2020,4.2170517432,PJ,2023
BRITISH COLUMBIA,OIL,CURRENT MEASURES,2020,0.267255496836,PJ,2023
BRITISH COLUMBIA,SOLAR,CURRENT MEASURES,2020,0.09661539911039999,PJ,2023
BRITISH COLUMBIA,WIND,CURRENT MEASURES,2020,10.82982213,PJ,2023
BRITISH COLUMBIA,BIOMASS / GEOTHERMAL,CURRENT MEASURES,2021,14.608622558628,PJ,2023
BRITISH COLUMBIA,HYDRO / WAVE / TIDAL,CURRENT MEASURES,2021,229.68212486399997,PJ,2023
BRITISH COLUMBIA,NATURAL GAS,CURRENT MEASURES,2021,6.1024277196,PJ,2023
BRITISH COLUMBIA,OIL,CURRENT MEASURES,2021,0.26052537096,PJ,2023
BRITISH COLUMBIA,SOLAR,CURRENT MEASURES,2021,0.10741539911039999,PJ,2023
BRITISH COLUMBIA,WIND,CURRENT MEASURES,2021,7.22982213,PJ,2023
BRITISH COLUMBIA,BIOMASS / GEOTHERMAL,CURRENT MEASURES,2022,19.875396236759997,PJ,2023
BRITISH COLUMBIA,HYDRO / WAVE / TIDAL,CURRENT MEASURES,2022,214.395256512,PJ,2023
BRITISH COLUMBIA,NATURAL GAS,CURRENT MEASURES,2022,6.037853058,PJ,2023
BRITISH COLUMBIA,OIL,CURRENT MEASURES,2022,0.347319769392,PJ,2023
BRITISH COLUMBIA,SOLAR,CURRENT MEASURES,2022,1.576215399096,PJ,2023
BRITISH COLUMBIA,WIND,CURRENT MEASURES,2022,7.22982213,PJ,2023
BRITISH COLUMBIA,BIOMASS / GEOTHERMAL,CURRENT MEASURES,2023,16.576660897559996,PJ,2023
BRITISH COLUMBIA,HYDRO / WAVE / TIDAL,CURRENT MEASURES,2023,215.172127836,PJ,2023
BRITISH COLUMBIA,NATURAL GAS,CURRENT MEASURES,2023,6.9389414388,PJ,2023
BRITISH COLUMBIA,OIL,CURRENT MEASURES,2023,0.360691488,PJ,2023
BRITISH COLUMBIA,SOLAR,CURRENT MEASURES,2023,1.576215399096,PJ,2023
BRITISH COLUMBIA,WIND,CURRENT MEASURES,2023,7.22982213,PJ,2023
BRITISH COLUMBIA,BIOMASS / GEOTHERMAL,CURRENT MEASURES,2024,15.112544594400001,PJ,2023
BRITISH COLUMBIA,HYDRO / WAVE / TIDAL,CURRENT MEASURES,2024,214.389603,PJ,2023
BRITISH COLUMBIA,NATURAL GAS,CURRENT MEASURES,2024,7.7443816968,PJ,2023
BRITISH COLUMBIA,OIL,CURRENT MEASURES,2024,0.32221683215999997,PJ,2023
BRITISH COLUMBIA,SOLAR,CURRENT MEASURES,2024,1.7917344493560001,PJ,2023
BRITISH COLUMBIA,WIND,CURRENT MEASURES,2024,7.22982213,PJ,2023
BRITISH COLUMBIA,BIOMASS / GEOTHERMAL,CURRENT MEASURES,2025,11.50487960616,PJ,2023
BRITISH COLUMBIA,HYDRO / WAVE / TIDAL,CURRENT MEASURES,2025,228.491745444,PJ,2023
BRITISH COLUMBIA,NATURAL GAS,CURRENT MEASURES,2025,9.1671381108,PJ,2023
BRITISH COLUMBIA,OIL,CURRENT MEASURES,2025,0.31471943594400004,PJ,2023
BRITISH COLUMBIA,SOLAR,CURRENT MEASURES,2025,2.47142492748,PJ,2023
BRITISH COLUMBIA,WIND,CURRENT MEASURES,2025,8.774105958,PJ,2023
BRITISH COLUMBIA,BIOMASS / GEOTHERMAL,CURRENT MEASURES,2026,10.184422124628,PJ,2023
BRITISH COLUMBIA,HYDRO / WAVE / TIDAL,CURRENT MEASURES,2026,227.388645396,PJ,2023
BRITISH COLUMBIA,NATURAL GAS,CURRENT MEASURES,2026,14.202604213199999,PJ,2023
BRITISH COLUMBIA,OIL,CURRENT MEASURES,2026,0.2669842476,PJ,2023
BRITISH COLUMBIA,SOLAR,CURRENT MEASURES,2026,2.8420078392,PJ,2023
BRITISH COLUMBIA,WIND,CURRENT MEASURES,2026,9.300552314399999,PJ,2023
BRITISH COLUMBIA,BIOMASS / GEOTHERMAL,CURRENT MEASURES,2027,9.274830452784,PJ,2023
BRITISH COLUMBIA,HYDRO / WAVE / TIDAL,CURRENT MEASURES,2027,227.086110828,PJ,2023
BRITISH COLUMBIA,NATURAL GAS,CURRENT MEASURES,2027,17.679687624,PJ,2023
BRITISH COLUMBIA,OIL,CURRENT MEASURES,2027,0.230485536,PJ,2023
BRITISH COLUMBIA,SOLAR,CURRENT MEASURES,2027,3.21259075056,PJ,2023
BRITISH COLUMBIA,WIND,CURRENT MEASURES,2027,9.300552314399999,PJ,2023
BRITISH COLUMBIA,BIOMASS / GEOTHERMAL,CURRENT MEASURES,2028,8.988935100264,PJ,2023
BRITISH COLUMBIA,HYDRO / WAVE / TIDAL,CURRENT MEASURES,2028,227.085477408,PJ,2023
BRITISH COLUMBIA,NATURAL GAS,CURRENT MEASURES,2028,20.2223651184,PJ,2023
BRITISH COLUMBIA,OIL,CURRENT MEASURES,2028,0.0488666088,PJ,2023
BRITISH COLUMBIA,SOLAR,CURRENT MEASURES,2028,3.5831736626399997,PJ,2023
BRITISH COLUMBIA,WIND,CURRENT MEASURES,2028,9.300552314399999,PJ,2023
BRITISH COLUMBIA,BIOMASS / GEOTHERMAL,CURRENT MEASURES,2029,9.3806824752,PJ,2023
BRITISH COLUMBIA,HYDRO / WAVE / TIDAL,CURRENT MEASURES,2029,227.085477408,PJ,2023
BRITISH COLUMBIA,NATURAL GAS,CURRENT MEASURES,2029,27.3249288432,PJ,2023
BRITISH COLUMBIA,OIL,CURRENT MEASURES,2029,0.031763311488,PJ,2023
BRITISH COLUMBIA,SOLAR,CURRENT MEASURES,2029,3.9537565743600003,PJ,2023
BRITISH COLUMBIA,WIND,CURRENT MEASURES,2029,9.300552314399999,PJ,2023
BRITISH COLUMBIA,BIOMASS / GEOTHERMAL,CURRENT MEASURES,2030,9.5753004696,PJ,2023
BRITISH COLUMBIA,HYDRO / WAVE / TIDAL,CURRENT MEASURES,2030,227.085477408,PJ,2023
BRITISH COLUMBIA,NATURAL GAS,CURRENT MEASURES,2030,33.4920627396,PJ,2023
BRITISH COLUMBIA,OIL,CURRENT MEASURES,2030,0,PJ,2023
BRITISH COLUMBIA,SOLAR,CURRENT MEASURES,2030,4.3243394860799995,PJ,2023
BRITISH COLUMBIA,WIND,CURRENT MEASURES,2030,9.300552314399999,PJ,2023
BRITISH COLUMBIA,BIOMASS / GEOTHERMAL,CURRENT MEASURES,2031,9.7499453076,PJ,2023
BRITISH COLUMBIA,HYDRO / WAVE / TIDAL,CURRENT MEASURES,2031,227.75128171199998,PJ,2023
BRITISH COLUMBIA,NATURAL GAS,CURRENT MEASURES,2031,33.7234766184,PJ,2023
BRITISH COLUMBIA,OIL,CURRENT MEASURES,2031,0,PJ,2023
BRITISH COLUMBIA,SOLAR,CURRENT MEASURES,2031,8.476955584559999,PJ,2023
BRITISH COLUMBIA,WIND,CURRENT MEASURES,2031,11.7048366144,PJ,2023
BRITISH COLUMBIA,BIOMASS / GEOTHERMAL,CURRENT MEASURES,2032,10.19051012556,PJ,2023
BRITISH COLUMBIA,HYDRO / WAVE / TIDAL,CURRENT MEASURES,2032,228.417086052,PJ,2023
BRITISH COLUMBIA,NATURAL GAS,CURRENT MEASURES,2032,36.613112076,PJ,2023
BRITISH COLUMBIA,OIL,CURRENT MEASURES,2032,0,PJ,2023
BRITISH COLUMBIA,SOLAR,CURRENT MEASURES,2032,12.62957167944,PJ,2023
BRITISH COLUMBIA,WIND,CURRENT MEASURES,2032,14.109120914399998,PJ,2023
BRITISH COLUMBIA,BIOMASS / GEOTHERMAL,CURRENT MEASURES,2033,10.409133491639999,PJ,2023
BRITISH COLUMBIA,HYDRO / WAVE / TIDAL,CURRENT MEASURES,2033,229.08289035599998,PJ,2023
BRITISH COLUMBIA,NATURAL GAS,CURRENT MEASURES,2033,38.236331196,PJ,2023
BRITISH COLUMBIA,OIL,CURRENT MEASURES,2033,0,PJ,2023
BRITISH COLUMBIA,SOLAR,CURRENT MEASURES,2033,16.78218777468,PJ,2023
BRITISH COLUMBIA,WIND,CURRENT MEASURES,2033,16.5134052144,PJ,2023
BRITISH COLUMBIA,BIOMASS / GEOTHERMAL,CURRENT MEASURES,2034,10.25837366364,PJ,2023
BRITISH COLUMBIA,HYDRO / WAVE / TIDAL,CURRENT MEASURES,2034,229.74869466,PJ,2023
BRITISH COLUMBIA,NATURAL GAS,CURRENT MEASURES,2034,37.580966208,PJ,2023
BRITISH COLUMBIA,OIL,CURRENT MEASURES,2034,0,PJ,2023
BRITISH COLUMBIA,SOLAR,CURRENT MEASURES,2034,20.934803873519996,PJ,2023
BRITISH COLUMBIA,WIND,CURRENT MEASURES,2034,18.9176895144,PJ,2023
BRITISH COLUMBIA,BIOMASS / GEOTHERMAL,CURRENT MEASURES,2035,9.772225173504001,PJ,2023
BRITISH COLUMBIA,HYDRO / WAVE / TIDAL,CURRENT MEASURES,2035,230.414498964,PJ,2023
BRITISH COLUMBIA,NATURAL GAS,CURRENT MEASURES,2035,35.9592207876,PJ,2023
BRITISH COLUMBIA,OIL,CURRENT MEASURES,2035,0,PJ,2023
BRITISH COLUMBIA,SOLAR,CURRENT MEASURES,2035,25.0874199684,PJ,2023
BRITISH COLUMBIA,WIND,CURRENT MEASURES,2035,21.3219738144,PJ,2023
BRITISH COLUMBIA,BIOMASS / GEOTHERMAL,CURRENT MEASURES,2036,9.401361835032,PJ,2023
BRITISH COLUMBIA,HYDRO / WAVE / TIDAL,CURRENT MEASURES,2036,230.414498964,PJ,2023
BRITISH COLUMBIA,NATURAL GAS,CURRENT MEASURES,2036,35.298358650000004,PJ,2023
BRITISH COLUMBIA,OIL,CURRENT MEASURES,2036,0,PJ,2023
BRITISH COLUMBIA,SOLAR,CURRENT MEASURES,2036,25.74045842364,PJ,2023
BRITISH COLUMBIA,WIND,CURRENT MEASURES,2036,28.191468311999998,PJ,2023
BRITISH COLUMBIA,BIOMASS / GEOTHERMAL,CURRENT MEASURES,2037,9.472212951624,PJ,2023
BRITISH COLUMBIA,HYDRO / WAVE / TIDAL,CURRENT MEASURES,2037,230.414498964,PJ,2023
BRITISH COLUMBIA,NATURAL GAS,CURRENT MEASURES,2037,35.257422150000004,PJ,2023
BRITISH COLUMBIA,OIL,CURRENT MEASURES,2037,0,PJ,2023
BRITISH COLUMBIA,SOLAR,CURRENT MEASURES,2037,26.39349687888,PJ,2023
BRITISH COLUMBIA,WIND,CURRENT MEASURES,2037,35.0609628132,PJ,2023
BRITISH COLUMBIA,BIOMASS / GEOTHERMAL,CURRENT MEASURES,2038,9.319766720364,PJ,2023
BRITISH COLUMBIA,HYDRO / WAVE / TIDAL,CURRENT MEASURES,2038,230.412498876,PJ,2023
BRITISH COLUMBIA,NATURAL GAS,CURRENT MEASURES,2038,35.0367068124,PJ,2023
BRITISH COLUMBIA,OIL,CURRENT MEASURES,2038,0,PJ,2023
BRITISH COLUMBIA,SOLAR,CURRENT MEASURES,2038,27.04653533412,PJ,2023
BRITISH COLUMBIA,WIND,CURRENT MEASURES,2038,41.93045729999999,PJ,2023
BRITISH COLUMBIA,BIOMASS / GEOTHERMAL,CURRENT MEASURES,2039,9.33383267532,PJ,2023
BRITISH COLUMBIA,HYDRO / WAVE / TIDAL,CURRENT MEASURES,2039,230.30733286799997,PJ,2023
BRITISH COLUMBIA,NATURAL GAS,CURRENT MEASURES,2039,36.401298155999996,PJ,2023
BRITISH COLUMBIA,OIL,CURRENT MEASURES,2039,0,PJ,2023
BRITISH COLUMBIA,SOLAR,CURRENT MEASURES,2039,27.699573789,PJ,2023
BRITISH COLUMBIA,WIND,CURRENT MEASURES,2039,48.799951812,PJ,2023
BRITISH COLUMBIA,BIOMASS / GEOTHERMAL,CURRENT MEASURES,2040,9.021045775320001,PJ,2023
BRITISH COLUMBIA,HYDRO / WAVE / TIDAL,CURRENT MEASURES,2040,230.10006149999998,PJ,2023
BRITISH COLUMBIA,NATURAL GAS,CURRENT MEASURES,2040,35.1535231728,PJ,2023
BRITISH COLUMBIA,OIL,CURRENT MEASURES,2040,0,PJ,2023
BRITISH COLUMBIA,SOLAR,CURRENT MEASURES,2040,28.35261224424,PJ,2023
BRITISH COLUMBIA,WIND,CURRENT MEASURES,2040,55.669446324,PJ,2023
BRITISH COLUMBIA,BIOMASS / GEOTHERMAL,CURRENT MEASURES,2041,9.545078868840001,PJ,2023
BRITISH COLUMBIA,HYDRO / WAVE / TIDAL,CURRENT MEASURES,2041,229.84460928000001,PJ,2023
BRITISH COLUMBIA,NATURAL GAS,CURRENT MEASURES,2041,34.2487525572,PJ,2023
BRITISH COLUMBIA,OIL,CURRENT MEASURES,2041,0,PJ,2023
BRITISH COLUMBIA,SOLAR,CURRENT MEASURES,2041,30.9418352676,PJ,2023
BRITISH COLUMBIA,WIND,CURRENT MEASURES,2041,61.598768975999995,PJ,2023
BRITISH COLUMBIA,BIOMASS / GEOTHERMAL,CURRENT MEASURES,2042,9.2222857143,PJ,2023
BRITISH COLUMBIA,HYDRO / WAVE / TIDAL,CURRENT MEASURES,2042,229.52907093599998,PJ,2023
BRITISH COLUMBIA,NATURAL GAS,CURRENT MEASURES,2042,31.516414689599998,PJ,2023
BRITISH COLUMBIA,OIL,CURRENT MEASURES,2042,0,PJ,2023
BRITISH COLUMBIA,SOLAR,CURRENT MEASURES,2042,33.531058296000005,PJ,2023
BRITISH COLUMBIA,WIND,CURRENT MEASURES,2042,67.528091628,PJ,2023
BRITISH COLUMBIA,BIOMASS / GEOTHERMAL,CURRENT MEASURES,2043,8.7505140744,PJ,2023
BRITISH COLUMBIA,HYDRO / WAVE / TIDAL,CURRENT MEASURES,2043,228.975346908,PJ,2023
BRITISH COLUMBIA,NATURAL GAS,CURRENT MEASURES,2043,28.9192169664,PJ,2023
BRITISH COLUMBIA,OIL,CURRENT MEASURES,2043,0,PJ,2023
BRITISH COLUMBIA,SOLAR,CURRENT MEASURES,2043,36.1202813244,PJ,2023
BRITISH COLUMBIA,WIND,CURRENT MEASURES,2043,73.45741428,PJ,2023
BRITISH COLUMBIA,BIOMASS / GEOTHERMAL,CURRENT MEASURES,2044,8.539219479888,PJ,2023
BRITISH COLUMBIA,HYDRO / WAVE / TIDAL,CURRENT MEASURES,2044,228.264201216,PJ,2023
BRITISH COLUMBIA,NATURAL GAS,CURRENT MEASURES,2044,29.1955389588,PJ,2023
BRITISH COLUMBIA,OIL,CURRENT MEASURES,2044,0,PJ,2023
BRITISH COLUMBIA,SOLAR,CURRENT MEASURES,2044,38.709504349199996,PJ,2023
BRITISH COLUMBIA,WIND,CURRENT MEASURES,2044,79.386736932,PJ,2023
BRITISH COLUMBIA,BIOMASS / GEOTHERMAL,CURRENT MEASURES,2045,8.31728178288,PJ,2023
BRITISH COLUMBIA,HYDRO / WAVE / TIDAL,CURRENT MEASURES,2045,227.367024912,PJ,2023
BRITISH COLUMBIA,NATURAL GAS,CURRENT MEASURES,2045,27.7030556568,PJ,2023
BRITISH COLUMBIA,OIL,CURRENT MEASURES,2045,0,PJ,2023
BRITISH COLUMBIA,SOLAR,CURRENT MEASURES,2045,41.298727388399996,PJ,2023
BRITISH COLUMBIA,WIND,CURRENT MEASURES,2045,85.31605958399999,PJ,2023
BRITISH COLUMBIA,BIOMASS / GEOTHERMAL,CURRENT MEASURES,2046,8.9720925948,PJ,2023
BRITISH COLUMBIA,HYDRO / WAVE / TIDAL,CURRENT MEASURES,2046,226.80830106,PJ,2023
BRITISH COLUMBIA,NATURAL GAS,CURRENT MEASURES,2046,28.4238112464,PJ,2023
BRITISH COLUMBIA,OIL,CURRENT MEASURES,2046,0,PJ,2023
BRITISH COLUMBIA,SOLAR,CURRENT MEASURES,2046,42.2484215796,PJ,2023
BRITISH COLUMBIA,WIND,CURRENT MEASURES,2046,91.072213128,PJ,2023
BRITISH COLUMBIA,BIOMASS / GEOTHERMAL,CURRENT MEASURES,2047,9.443120698908,PJ,2023
BRITISH COLUMBIA,HYDRO / WAVE / TIDAL,CURRENT MEASURES,2047,226.25902713600001,PJ,2023
BRITISH COLUMBIA,NATURAL GAS,CURRENT MEASURES,2047,29.0590711704,PJ,2023
BRITISH COLUMBIA,OIL,CURRENT MEASURES,2047,0,PJ,2023
BRITISH COLUMBIA,SOLAR,CURRENT MEASURES,2047,43.1975916468,PJ,2023
BRITISH COLUMBIA,WIND,CURRENT MEASURES,2047,96.827424768,PJ,2023
BRITISH COLUMBIA,BIOMASS / GEOTHERMAL,CURRENT MEASURES,2048,9.6207139152,PJ,2023
BRITISH COLUMBIA,HYDRO / WAVE / TIDAL,CURRENT MEASURES,2048,225.797629536,PJ,2023
BRITISH COLUMBIA,NATURAL GAS,CURRENT MEASURES,2048,30.3007286052,PJ,2023
BRITISH COLUMBIA,OIL,CURRENT MEASURES,2048,0,PJ,2023
BRITISH COLUMBIA,SOLAR,CURRENT MEASURES,2048,44.144736674399994,PJ,2023
BRITISH COLUMBIA,WIND,CURRENT MEASURES,2048,102.58335756,PJ,2023
BRITISH COLUMBIA,BIOMASS / GEOTHERMAL,CURRENT MEASURES,2049,9.7117563276,PJ,2023
BRITISH COLUMBIA,HYDRO / WAVE / TIDAL,CURRENT MEASURES,2049,225.27113896799997,PJ,2023
BRITISH COLUMBIA,NATURAL GAS,CURRENT MEASURES,2049,31.660982639999997,PJ,2023
BRITISH COLUMBIA,OIL,CURRENT MEASURES,2049,0,PJ,2023
BRITISH COLUMBIA,SOLAR,CURRENT MEASURES,2049,45.093495765600004,PJ,2023
BRITISH COLUMBIA,WIND,CURRENT MEASURES,2049,108.334667124,PJ,2023
BRITISH COLUMBIA,BIOMASS / GEOTHERMAL,CURRENT MEASURES,2050,9.975098810952,PJ,2023
BRITISH COLUMBIA,HYDRO / WAVE / TIDAL,CURRENT MEASURES,2050,224.80610324399998,PJ,2023
BRITISH COLUMBIA,NATURAL GAS,CURRENT MEASURES,2050,34.4074898736,PJ,2023
BRITISH COLUMBIA,OIL,CURRENT MEASURES,2050,0.002130618168,PJ,2023
BRITISH COLUMBIA,SOLAR,CURRENT MEASURES,2050,45.5765246928,PJ,2023
BRITISH COLUMBIA,WIND,CURRENT MEASURES,2050,114.086068452,PJ,2023
